City_ID,City,Lat,Lng,Max Temp,Humidity,Cloudiness,Wind Speed,Country,Date
0,busselton,-33.65,115.3333,22.85,57,0,10.42,AU,1674555193
1,barrow,71.2906,-156.7887,-20.99,77,100,10.8,US,1674555327
2,vaini,-21.2,-175.2,27.09,89,40,3.09,TO,1674555327
3,kiama,-34.6833,150.8667,23.33,87,95,0.45,AU,1674555327
4,mangan,27.5167,88.5333,19.67,53,56,2.31,IN,1674555327
5,ushuaia,-54.8,-68.3,5.11,87,8,3.92,AR,1674555328
6,inhambane,-23.865,35.3833,30.92,53,100,5.72,MZ,1674555328
7,moose factory,51.2585,-80.6094,-18.01,85,100,4.12,CA,1674555328
8,mehamn,71.0357,27.8492,0.97,80,40,13.89,NO,1674555328
9,klaksvik,62.2266,-6.589,8.51,88,100,14.01,FO,1674555329
10,lebu,-37.6167,-73.65,13.91,90,64,4.77,CL,1674555323
11,umea,63.8284,20.2597,0.68,92,28,2.68,SE,1674555329
12,rikitea,-23.1203,-134.9692,25.84,77,1,6.99,PF,1674555329
13,tuktoyaktuk,69.4541,-133.0374,-22.87,97,100,3.6,CA,1674555330
14,kamra,33.7473,73.5111,8.31,70,96,3.19,PK,1674555330
15,atuona,-9.8,-139.0333,25.98,74,10,8.9,PF,1674555330
16,puerto ayora,-0.7393,-90.3518,22.53,97,77,1.05,EC,1674555330
17,punta arenas,-53.15,-70.9167,6.06,70,20,6.69,CL,1674555331
18,bengkulu,-3.8004,102.2655,24.33,93,100,5.31,ID,1674555331
19,ghazipur,25.5833,83.5667,28.7,34,1,1.99,IN,1674555255
20,mahebourg,-20.4081,57.7,25.58,72,100,1.97,MU,1674555331
21,demirci,39.0461,28.6589,10.33,55,17,1.12,TR,1674555332
22,cape town,-33.9258,18.4232,21.32,49,97,4.02,ZA,1674555184
23,road town,18.4167,-64.6167,25.05,67,49,8.61,VG,1674555064
24,bredasdorp,-34.5322,20.0403,18.06,61,54,8.41,ZA,1674555307
25,albany,42.6001,-73.9662,0.32,86,90,3.13,US,1674555333
26,avarua,-21.2078,-159.775,23.03,100,96,0.51,CK,1674555176
27,port alfred,-33.5906,26.891,22.88,77,65,3.13,ZA,1674555334
28,luganville,-15.5333,167.1667,26.59,84,90,2.32,VU,1674555334
29,te anau,-45.4167,167.7167,11.7,77,37,1.72,NZ,1674555334
30,mao,39.8885,4.2658,8.31,87,75,7.72,ES,1674555335
31,gawler,-34.6,138.7333,22.51,64,1,4.85,AU,1674555335
32,lakhdenpokhya,61.5198,30.1992,-0.67,95,100,4.29,RU,1674555336
33,port blair,11.6667,92.75,29.02,61,20,5.14,IN,1674555336
34,erenhot,43.6475,111.9767,-18.75,66,12,4.27,CN,1674555336
35,hilo,19.7297,-155.09,22.93,86,75,2.57,US,1674555337
36,cidreira,-30.1811,-50.2056,23.15,87,3,2.22,BR,1674555338
37,arraial do cabo,-22.9661,-42.0278,23.92,94,75,2.57,BR,1674555338
38,kahului,20.8947,-156.47,23.25,88,0,2.06,US,1674555338
39,itarema,-2.9248,-39.9167,25.31,82,54,1.66,BR,1674555339
40,saint anthony,45.0205,-93.218,-6.12,88,0,3.09,US,1674555339
41,khatanga,71.9667,102.5,-39.53,96,75,2.95,RU,1674555340
42,jamestown,42.097,-79.2353,-1.23,53,100,8.23,US,1674555340
43,brae,60.3964,-1.353,9.22,97,100,10.17,GB,1674555341
44,tasiilaq,65.6145,-37.6368,-6.91,63,100,3.2,GL,1674555342
45,mataura,-46.1927,168.8643,8.81,87,5,1.31,NZ,1674555343
46,ilhabela,-23.7781,-45.3581,24.56,88,100,2.63,BR,1674555303
47,kodiak,57.79,-152.4072,2.73,75,40,2.57,US,1674555343
48,lompoc,34.6391,-120.4579,5.32,93,0,3.09,US,1674555344
49,yellowknife,62.456,-114.3525,-14.69,84,100,4.47,CA,1674555344
50,kaitangata,-46.2817,169.8464,11.01,82,14,3.13,NZ,1674555344
51,ukiah,39.1502,-123.2078,10.24,88,0,0.0,US,1674555345
52,shingu,33.7333,135.9833,-0.45,81,22,8.81,JP,1674555214
53,marrakesh,31.6315,-8.0083,9.04,71,0,3.6,MA,1674555345
54,hermanus,-34.4187,19.2345,18.22,66,88,9.16,ZA,1674555346
55,saldanha,-33.0117,17.9442,18.63,66,83,8.48,ZA,1674555346
56,ancud,-41.8697,-73.8203,10.94,80,23,2.23,CL,1674555070
57,georgetown,5.4112,100.3354,28.96,79,40,2.06,MY,1674555346
58,castro,-24.7911,-50.0119,17.12,91,19,0.5,BR,1674555347
59,kampot,10.6167,104.1833,30.03,58,63,2.99,KH,1674555300
60,bandarbeyla,9.4942,50.8122,25.41,60,96,8.81,SO,1674555347
61,severo-kurilsk,50.6789,156.125,-9.05,66,67,4.42,RU,1674555348
62,thompson,55.7435,-97.8558,-36.04,100,13,1.21,CA,1674555348
63,tiksi,71.6872,128.8694,-31.97,100,100,1.87,RU,1674555349
64,novopokrovka,49.8425,36.5477,1.47,49,6,5.01,UA,1674555104
65,alegrete,-29.7831,-55.7919,21.34,55,0,3.98,BR,1674555349
66,ranong,9.9658,98.6348,29.26,60,99,4.25,TH,1674555285
67,provideniya,64.3833,-173.3,-20.92,87,2,5.19,RU,1674555350
68,guerrero negro,27.9769,-114.0611,11.18,41,3,3.21,MX,1674555350
69,luderitz,-26.6481,15.1594,24.11,47,33,9.15,NA,1674555351
70,udachnyy,66.4167,112.4,-30.31,67,100,1.55,RU,1674555351
71,urgut,39.4022,67.2431,-4.21,76,43,1.61,UZ,1674555078
72,oksfjord,70.2396,22.3479,1.1,81,100,16.41,NO,1674555351
73,coahuayana,18.7333,-103.6833,18.38,78,52,2.12,MX,1674555352
74,nikolskoye,59.7035,30.7861,-2.06,94,100,5.05,RU,1674555352
75,cherskiy,68.75,161.3,-30.11,98,100,1.08,RU,1674555352
76,hobart,-42.8794,147.3294,19.92,80,40,3.09,AU,1674555353
77,saint-philippe,-21.3585,55.7679,25.77,88,100,3.71,RE,1674555353
78,saskylakh,71.9167,114.0833,-22.77,99,100,1.75,RU,1674555353
79,puerto madero,14.7208,-92.4215,22.11,100,0,0.0,MX,1674555354
80,rocha,-34.4833,-54.3333,16.69,67,0,2.16,UY,1674555354
81,carnarvon,-24.8667,113.6333,25.48,75,3,11.36,AU,1674555354
82,mnogovershinnyy,53.9353,139.9242,-33.36,98,100,1.47,RU,1674555355
83,harer,9.3094,42.1258,24.53,27,97,4.57,ET,1674555210
84,magnor,59.9511,12.1996,2.85,100,100,1.27,SE,1674555356
85,victoria,22.2855,114.1577,16.03,42,11,6.71,HK,1674555100
86,hun,29.1268,15.9477,18.83,19,86,3.98,LY,1674555202
87,satun,6.8333,100.0,28.78,72,73,3.93,TH,1674555338
88,ribeira grande,38.5167,-28.7,15.99,88,75,8.23,PT,1674555358
89,yerbogachen,61.2767,108.0108,-39.92,100,72,0.2,RU,1674555358
90,hashtrud,37.4779,47.0508,-3.51,60,3,1.9,IR,1674555271
91,tuatapere,-46.1333,167.6833,9.51,85,2,1.07,NZ,1674555359
92,borogontsy,62.6683,131.1683,-39.99,97,100,1.83,RU,1674555359
93,lagoa,39.05,-27.9833,15.44,75,100,7.6,PT,1674555360
94,new norfolk,-42.7826,147.0587,19.72,63,79,0.85,AU,1674555361
95,kununurra,-15.7667,128.7333,33.99,49,75,2.57,AU,1674555066
96,monrovia,6.3005,-10.7969,26.87,78,100,1.05,LR,1674555166
97,mar del plata,-38.0023,-57.5575,18.26,77,4,4.02,AR,1674555362
98,bambanglipuro,-7.95,110.2833,28.41,73,82,4.03,ID,1674555342
99,palmer,42.1584,-72.3287,0.83,79,100,3.09,US,1674555362
100,butaritari,3.0707,172.7902,27.36,80,98,7.9,KI,1674555363
101,lubumbashi,-11.6609,27.4794,23.0,78,99,3.69,CD,1674555363
102,yantal,56.8471,105.2542,-20.66,98,100,1.17,RU,1674555363
103,najran,17.4924,44.1277,24.36,19,1,1.04,SA,1674555364
104,longyearbyen,78.2186,15.6401,-3.09,86,100,10.29,SJ,1674555364
105,hami,42.8,93.45,-7.31,20,1,0.74,CN,1674555235
106,cayenne,4.9333,-52.3333,25.02,78,75,3.6,GF,1674555364
107,stornoway,58.2093,-6.3865,10.58,94,75,7.2,GB,1674555365
108,kapaa,22.0752,-159.319,21.18,88,0,3.09,US,1674555157
109,lajoskomarom,46.842,18.3376,4.71,85,100,1.44,HU,1674555366
110,calama,-22.4667,-68.9333,9.27,76,0,6.69,CL,1674555081
111,hailar,49.2,119.7,-31.32,93,6,4.07,CN,1674555108
112,grindavik,63.8424,-22.4338,4.97,93,75,5.66,IS,1674555367
113,gavle,60.6745,17.1417,3.52,88,100,1.34,SE,1674555367
114,diffa,13.3154,12.6113,30.32,10,89,6.37,NE,1674555368
115,grevesmuhlen,53.8667,11.1833,1.86,87,99,0.66,DE,1674555368
116,hofn,64.2539,-15.2082,4.73,95,100,5.25,IS,1674555368
117,cabedelo,-6.9811,-34.8339,26.37,75,9,4.47,BR,1674555369
118,boueni,-12.9025,45.0761,29.99,79,100,8.61,YT,1674555369
119,deputatskiy,69.3,139.9,-36.9,98,100,1.22,RU,1674555369
120,srivardhan,18.0333,73.0167,23.64,60,4,7.49,IN,1674555370
121,cabo san lucas,22.8909,-109.9124,16.95,75,93,2.9,MX,1674555079
122,sisimiut,66.9395,-53.6735,-6.48,92,100,4.24,GL,1674555371
123,havoysund,70.9963,24.6622,0.13,71,58,18.77,NO,1674555372
124,ouahigouya,13.5828,-2.4216,32.49,12,38,3.59,BF,1674555372
125,yining,29.0361,114.5636,1.05,43,0,2.41,CN,1674555373
126,san carlos de bariloche,-41.1456,-71.3082,7.91,84,50,4.35,AR,1674555373
127,lakatoro,-16.0999,167.4164,27.21,82,90,3.19,VU,1674555374
128,sola,-13.8833,167.55,28.02,70,98,3.18,VU,1674555374
129,olafsvik,64.8945,-23.7142,5.36,91,73,9.51,IS,1674555374
130,naze,28.3667,129.4833,5.51,79,100,13.57,JP,1674555375
131,celestun,20.8667,-90.4,22.47,83,0,5.43,MX,1674555375
132,tongling,30.95,117.7833,-0.86,42,61,5.01,CN,1674555375
133,newport,51.5877,-2.9984,2.51,90,16,0.5,GB,1674555376
134,leningradskiy,69.3833,178.4167,-31.06,92,20,3.97,RU,1674555376
135,egersund,58.4513,5.9997,6.12,99,100,1.3,NO,1674555376
136,constitucion,-35.3333,-72.4167,16.44,92,71,0.42,CL,1674555377
137,sinnamary,5.3833,-52.95,24.16,82,48,4.99,GF,1674555377
138,tiznit,29.5833,-9.5,13.07,46,0,0.77,MA,1674555378
139,san carlos del zulia,9.0,-71.9135,22.37,91,85,0.97,VE,1674555280
140,kavaratti,10.5669,72.642,26.51,73,91,6.05,IN,1674555378
141,aklavik,68.2191,-135.0107,-22.24,97,100,4.64,CA,1674555379
142,itupiranga,-5.1347,-49.3267,24.18,98,67,0.74,BR,1674555379
143,husavik,66.0449,-17.3389,1.12,84,90,3.38,IS,1674555380
144,qaanaaq,77.484,-69.3632,-24.06,64,29,2.06,GL,1674555380
145,kamenka,51.3223,42.7678,-2.6,62,87,2.07,RU,1674555380
146,nanortalik,60.1432,-45.2371,-0.75,87,100,3.47,GL,1674555381
147,magaria,12.9983,8.9099,29.43,10,20,4.66,NE,1674555381
148,stepnogorsk,52.3544,71.8869,-11.55,93,19,3.75,KZ,1674555135
149,aquiraz,-3.9014,-38.3911,26.92,83,100,1.47,BR,1674555382
150,bluff,-46.6,168.3333,12.34,70,5,5.04,NZ,1674555383
151,tabuk,17.4189,121.4443,20.54,91,48,6.98,PH,1674555383
152,yulara,-25.2406,130.9889,33.57,16,97,2.45,AU,1674555384
153,coolum beach,-26.5333,153.1,24.5,86,76,0.25,AU,1674555384
154,ponta do sol,32.6667,-17.1,18.96,61,7,3.46,PT,1674555384
155,port hedland,-20.3167,118.5667,30.03,74,40,5.14,AU,1674555385
156,airai,-8.9266,125.4092,17.35,92,100,0.81,TL,1674555386
157,san clemente,33.427,-117.612,12.57,42,0,1.79,US,1674555387
158,acapulco,16.8634,-99.8901,20.9,78,0,1.03,MX,1674555387
159,albertville,34.2676,-86.2089,3.03,87,0,2.06,US,1674555388
160,taveta,-3.3963,37.6736,30.55,42,100,5.48,KE,1674555389
161,norman wells,65.282,-126.8329,-23.98,84,100,0.0,CA,1674555390
162,luanda,-8.8368,13.2343,29.0,74,40,2.06,AO,1674555390
163,portobelo,9.55,-79.65,24.5,88,40,5.06,PA,1674555390
164,clyde river,70.4692,-68.5914,-29.87,76,100,5.14,CA,1674555391
165,providencia,28.7167,-111.5833,8.47,38,0,1.62,MX,1674555391
166,ust-nera,64.5667,143.2,-39.07,99,31,0.81,RU,1674555391
167,flinders,-34.5833,150.8552,20.77,80,98,1.43,AU,1674555392
168,kapit,2.0167,112.9333,24.92,97,100,1.15,MY,1674555393
169,midland,31.9974,-102.0779,2.37,94,100,6.69,US,1674555200
170,chapais,49.7834,-74.8492,-6.12,95,100,4.81,CA,1674555393
171,samarai,-10.6167,150.6667,28.34,77,100,5.95,PG,1674555393
172,alamos,27.0167,-108.9333,8.02,55,46,1.71,MX,1674555394
173,vila velha,-20.3297,-40.2925,22.97,98,75,1.54,BR,1674555394
174,faanui,-16.4833,-151.75,26.22,73,100,4.99,PF,1674555395
175,vaitape,-16.5167,-151.75,26.19,73,100,4.89,PF,1674555395
176,namibe,-15.1961,12.1522,24.84,77,89,3.74,AO,1674555395
177,djibo,14.1022,-1.6306,31.0,12,38,3.05,BF,1674555397
178,luan,46.3592,6.9759,-3.68,80,38,1.13,CH,1674555397
179,reno,39.5296,-119.8138,-4.31,80,0,1.54,US,1674555216
180,boddam,57.4667,-1.7833,10.24,88,100,3.23,GB,1674555398
181,sao geraldo do araguaia,-6.4006,-48.555,22.01,98,30,1.09,BR,1674555399
182,bambous virieux,-20.3428,57.7575,28.14,65,75,4.12,MU,1674555399
183,susanino,58.1461,41.5872,-6.63,96,99,4.01,RU,1674555399
184,lodwar,3.1191,35.5973,35.27,25,16,9.3,KE,1674555398
185,pokhara,28.2333,83.9833,24.0,18,1,2.77,NP,1674555400
186,liepaja,56.5419,21.0367,1.99,75,100,6.69,LV,1674555179
187,touros,-5.1989,-35.4608,26.98,72,31,4.33,BR,1674555401
188,banda aceh,5.5577,95.3222,24.72,87,93,7.01,ID,1674555401
189,poum,-20.2333,164.0167,27.45,78,80,1.81,NC,1674555401
190,london,51.5085,-0.1257,4.64,84,100,3.09,GB,1674554973
191,tabou,4.423,-7.3528,28.18,73,73,2.14,CI,1674555402
192,pevek,69.7008,170.3133,-26.67,74,82,1.25,RU,1674555403
193,naqadeh,36.9553,45.388,1.91,53,46,3.64,IR,1674555403
194,muroran,42.3172,140.9881,-9.84,76,100,12.02,JP,1674555311
195,dingle,10.9995,122.6711,24.2,84,48,5.6,PH,1674555404
196,ilulissat,69.2167,-51.1,-4.99,58,75,10.8,GL,1674555404
197,tezu,27.9167,96.1667,24.37,27,56,0.75,IN,1674555404
198,chokurdakh,70.6333,147.9167,-30.93,92,100,0.73,RU,1674555405
199,octeville,49.6261,-1.6435,6.27,81,100,5.66,FR,1674555156
200,dorogobuzh,54.915,33.2972,-0.64,90,100,1.99,RU,1674555406
201,chimore,-16.9833,-65.1333,22.15,99,96,0.31,BO,1674555406
202,ampanihy,-24.7,44.75,31.63,46,100,7.63,MG,1674555406
203,whitehorse,60.7161,-135.0538,-0.57,74,100,7.2,CA,1674555407
204,chemal,51.4111,86.005,-7.33,93,100,1.08,RU,1674555408
205,mangrol,21.1167,70.1167,23.58,35,32,6.06,IN,1674555401
206,amurzet,47.6967,131.0981,-25.91,93,100,1.6,RU,1674555408
207,turayf,31.6725,38.6637,13.14,44,0,3.09,SA,1674555409
208,baruun-urt,46.6806,113.2792,-22.91,84,100,6.61,MN,1674555409
209,padang,-0.9492,100.3543,28.03,86,100,2.65,ID,1674554754
210,sao filipe,14.8961,-24.4956,21.08,65,6,2.8,CV,1674555410
211,chauk,20.8833,94.8167,30.12,18,7,3.01,MM,1674555411
212,pasighat,28.0667,95.3333,24.12,31,89,1.04,IN,1674555411
213,zhigansk,66.7697,123.3711,-45.46,97,100,4.15,RU,1674555412
214,ulaanbaatar,47.9077,106.8832,-23.93,53,75,1.0,MN,1674555085
215,katsuura,35.1333,140.3,7.18,52,80,10.46,JP,1674555412
216,yokadouma,3.5167,15.05,35.42,16,44,0.43,CM,1674555413
217,port lincoln,-34.7333,135.8667,16.78,78,0,7.18,AU,1674555413
218,anadyr,64.75,177.4833,-20.72,65,0,2.0,RU,1674555414
219,torbay,47.6666,-52.7314,6.82,97,100,16.46,CA,1674555414
220,sotouboua,8.5667,0.9833,31.78,43,12,2.59,TG,1674555415
221,biltine,14.5333,20.9167,31.59,6,100,5.29,TD,1674555415
222,shangrao,28.4532,117.9686,2.73,56,45,3.42,CN,1674555415
223,mount isa,-20.7333,139.5,34.87,29,100,3.09,AU,1674555415
224,san lawrenz,36.0553,14.204,13.81,66,100,2.24,MT,1674555416
225,ambanja,-13.6833,48.45,24.3,92,96,1.43,MG,1674555417
226,belogorsk,50.9158,128.4611,-37.26,97,66,1.55,RU,1674555310
227,lorengau,-2.0226,147.2712,25.95,83,100,1.87,PG,1674555418
228,maizuru,35.45,135.3333,-2.35,88,100,11.2,JP,1674555318
229,pacific grove,36.6177,-121.9166,5.86,65,0,0.0,US,1674555418
230,taunggyi,20.7833,97.0333,24.5,22,13,1.27,MM,1674555419
231,rogovatoye,51.23,38.3818,-2.41,68,86,2.99,RU,1674555420
232,orlik,52.5178,99.825,-23.43,92,45,0.8,RU,1674555420
233,coquimbo,-29.9533,-71.3436,17.85,82,100,1.03,CL,1674555420
234,nushki,29.5542,66.0215,5.76,43,1,3.26,PK,1674555421
235,east london,-33.0153,27.9116,27.52,57,0,10.29,ZA,1674555187
236,koslan,63.4564,48.8989,-10.21,94,79,3.73,RU,1674555422
237,verkhnevilyuysk,63.4453,120.3167,-39.93,100,100,1.11,RU,1674555422
238,beringovskiy,63.05,179.3167,-24.38,99,95,5.46,RU,1674555422
239,kaeo,-35.1,173.7833,18.21,90,100,4.29,NZ,1674555424
240,souillac,-20.5167,57.5167,28.21,65,75,4.12,MU,1674555424
241,gagino,55.2314,45.0339,-6.97,87,30,3.96,RU,1674555424
242,madang,-5.2246,145.7966,25.72,85,96,0.99,PG,1674555425
243,olinda,-8.0089,-34.8553,27.85,65,40,2.57,BR,1674555425
244,pontes e lacerda,-15.2261,-59.3353,21.09,98,85,1.35,BR,1674555425
245,buchanan,5.8808,-10.0467,27.91,73,91,1.44,LR,1674555426
246,shetpe,44.1667,52.1167,1.5,24,86,2.87,KZ,1674555426
247,makuyuni,-4.7333,38.1,33.38,38,95,3.89,TZ,1674555427
248,hithadhoo,-0.6,73.0833,27.3,75,84,6.29,MV,1674555282
249,natal,-5.795,-35.2094,26.36,78,40,3.09,BR,1674555427
250,saint george,37.1041,-113.5841,1.33,65,0,1.54,US,1674555211
251,svetlyy,54.675,20.1347,1.09,69,94,2.05,RU,1674555428
252,port elizabeth,-33.918,25.5701,24.62,71,75,9.77,ZA,1674555190
253,igarka,67.4667,86.5833,-33.62,97,11,2.93,RU,1674555429
254,upernavik,72.7868,-56.1549,-20.46,85,100,4.81,GL,1674555430
255,goderich,43.7501,-81.7165,1.62,86,100,7.72,CA,1674555430
256,bintulu,3.1667,113.0333,25.21,89,100,2.06,MY,1674554979
257,kozhva,65.1073,57.0459,-10.42,93,77,4.87,RU,1674555430
258,shenjiamen,29.9576,122.298,0.29,52,27,12.94,CN,1674555431
259,kobryn,52.2138,24.3564,1.97,92,29,2.72,BY,1674555431
260,desdunes,19.2955,-72.646,21.45,73,2,2.21,HT,1674555432
261,turukhansk,65.8167,87.9833,-32.01,89,8,3.04,RU,1674555432
262,iqaluit,63.7506,-68.5145,-26.15,76,75,4.63,CA,1674555423
263,tambacounda,13.7539,-13.7586,26.03,41,0,2.06,SN,1674555433
264,doctor arroyo,23.6667,-100.1833,9.26,96,97,3.4,MX,1674555433
265,jacareacanga,-6.2222,-57.7528,21.75,99,100,0.02,BR,1674555434
266,komsomolskiy,40.4272,71.7189,0.4,47,4,1.03,UZ,1674555434
267,tromso,69.6496,18.957,1.01,80,75,7.72,NO,1674555346
268,aosta,45.7667,7.4167,-1.2,85,100,0.0,IT,1674555435
269,mount gambier,-37.8333,140.7667,14.7,81,30,2.9,AU,1674555435
270,krasnoselkup,65.7,82.4667,-32.88,99,11,2.83,RU,1674555435
271,turka,49.1541,23.0297,2.58,59,30,2.15,UA,1674555436
272,fortuna,40.5982,-124.1573,3.19,100,100,3.6,US,1674555437
273,kishi,9.0833,3.85,32.84,16,5,1.32,NG,1674555437
274,krabi,8.0726,98.9105,32.27,67,75,2.57,TH,1674555437
275,grand gaube,-20.0064,57.6608,28.22,82,100,4.02,MU,1674555438
276,talnakh,69.4865,88.3972,-29.89,95,48,3.79,RU,1674555438
277,sibiti,-3.6819,13.3499,24.62,82,100,0.68,CG,1674555438
278,artigas,-30.4,-56.4667,20.9,72,0,4.47,UY,1674555254
279,bay roberts,47.5999,-53.2648,7.25,96,100,4.92,CA,1674555438
280,pundaguitan,6.3711,126.1689,25.8,87,100,6.96,PH,1674555439
281,champerico,14.3,-91.9167,23.85,75,14,1.84,GT,1674555439
282,tarko-sale,64.9225,77.785,-30.75,97,83,3.89,RU,1674555439
283,ormara,25.2088,64.6357,20.11,19,0,6.44,PK,1674555440
284,marzuq,14.4,46.4667,25.42,27,23,2.26,YE,1674555440
285,kulhudhuffushi,6.6221,73.07,25.87,73,100,2.12,MV,1674555440
286,natchitoches,31.7668,-93.1335,6.47,81,75,2.57,US,1674555441
287,mulchen,-37.7167,-72.2333,14.87,95,100,1.84,CL,1674555250
288,kyaukse,21.6,96.1333,32.0,29,20,2.57,MM,1674555389
289,evensk,61.95,159.2333,-13.28,87,100,9.22,RU,1674555442
290,gryfino,53.2524,14.4883,1.42,77,76,0.72,PL,1674555443
291,asyut,27.181,31.1837,21.88,37,0,4.95,EG,1674555443
292,yumen,40.2833,97.2,-11.44,48,4,9.33,CN,1674555443
293,katherine,-14.4667,132.2667,25.18,88,75,3.6,AU,1674555444
294,rancho palos verdes,33.7445,-118.387,11.97,46,0,0.45,US,1674555263
295,dharmanagar,24.3667,92.1667,28.3,24,100,1.87,IN,1674555378
296,bethel,41.3712,-73.414,2.2,74,75,2.57,US,1674555444
297,oranjemund,-28.55,16.4333,21.99,58,3,5.66,NA,1674555444
298,nome,64.5011,-165.4064,-17.96,60,0,6.69,US,1674555445
299,itacoatiara,-3.1431,-58.4442,21.93,98,100,1.28,BR,1674555258
300,tuyen quang,21.8233,105.2181,18.99,35,60,0.69,VN,1674555301
301,kholm,59.2667,32.85,-4.44,90,100,4.94,RU,1674555445
302,zyryanka,65.75,150.85,-30.8,95,100,0.8,RU,1674555446
303,cap malheureux,-19.9842,57.6142,23.81,83,100,4.21,MU,1674555446
304,banepa,27.6298,85.5214,19.18,37,20,6.69,NP,1674555446
305,horodkivka,49.9068,28.9847,0.14,66,10,3.38,UA,1674555447
306,onda,39.9667,-0.25,8.97,42,98,1.36,ES,1674555447
307,ketchikan,55.3422,-131.6461,6.99,87,100,2.57,US,1674555447
308,puerto del rosario,28.5004,-13.8627,17.86,63,40,8.23,ES,1674555448
309,gizo,-8.103,156.8419,26.78,83,100,4.07,SB,1674555448
310,kirakira,-10.4544,161.9205,26.11,86,99,2.35,SB,1674555448
311,roald,62.5833,6.1333,9.08,81,75,7.2,NO,1674555449
312,linda,39.1277,-121.5508,7.6,83,0,1.54,US,1674555449
313,abu zabad,12.35,29.25,30.88,21,14,8.61,SD,1674555432
314,taltal,-25.4,-70.4833,19.41,84,30,0.51,CL,1674555449
315,valdivia,-39.8142,-73.2459,10.05,97,63,0.58,CL,1674555450
316,polewali,-3.4324,119.3435,26.43,87,98,0.97,ID,1674555351
317,sembe,1.6481,14.5806,32.6,40,97,1.89,CG,1674555450
318,dikson,73.5069,80.5464,-20.93,96,100,16.44,RU,1674555451
319,nacogdoches,31.6002,-94.6335,7.8,87,100,3.09,US,1674555451
320,marhaura,25.9667,84.8667,27.96,30,1,1.9,IN,1674555451
321,sioux lookout,50.1001,-91.917,-13.96,85,75,1.03,CA,1674555451
322,kavieng,-2.5744,150.7967,27.97,77,86,4.18,PG,1674555452
323,roebourne,-20.7833,117.1333,30.18,65,45,5.05,AU,1674555452
324,buala,-8.145,159.5921,25.83,84,100,0.89,SB,1674555453
325,esperance,-33.8667,121.9,24.6,57,4,9.86,AU,1674555454
326,mont-dore,-22.2833,166.5833,24.99,90,48,0.67,NC,1674555454
327,qiqihar,47.3408,123.9672,-24.17,82,8,3.06,CN,1674555234
328,saint-francois,46.4154,3.9054,2.69,87,100,2.06,FR,1674555455
329,merauke,-8.4667,140.3333,26.64,81,100,2.71,ID,1674555455
330,sovetskiy,61.3614,63.5842,-5.5,79,79,4.05,RU,1674555412
331,kawalu,-7.3817,108.2082,26.66,80,83,1.73,ID,1674555456
332,narsaq,60.9167,-46.05,-5.88,97,100,1.63,GL,1674555456
333,baglan,36.1307,68.7083,1.4,65,62,1.63,AF,1674555456
334,santa cruz de tenerife,28.4682,-16.2546,19.79,75,20,4.12,ES,1674555437
335,rognan,67.0953,15.3878,4.08,90,82,3.36,NO,1674555457
336,la orilla,17.9833,-102.2333,20.53,68,2,1.99,MX,1674555457
337,mayo,38.8876,-76.5119,3.33,75,0,4.63,US,1674555458
338,qandala,11.472,49.8728,25.78,57,11,6.31,SO,1674555458
339,sarny,51.338,26.6019,2.78,66,15,2.74,UA,1674555458
340,meulaboh,4.1363,96.1285,25.91,85,79,5.32,ID,1674555347
341,bangassou,4.7413,22.8184,36.92,10,100,1.76,CF,1674555459
342,bogalusa,30.791,-89.8487,6.86,87,75,1.54,US,1674555459
343,mahajanga,-15.7167,46.3167,26.01,94,75,5.14,MG,1674555459
344,kemijarvi,66.7131,27.4306,-5.02,92,46,2.86,FI,1674555460
345,codrington,-38.2667,141.9667,15.81,87,14,3.5,AU,1674555460
346,esmeraldas,-19.7625,-44.3139,20.48,98,100,1.03,BR,1674555274
347,carauari,-4.8828,-66.8958,21.99,100,100,0.44,BR,1674555437
348,nanakuli,21.3906,-158.1547,22.97,75,0,1.54,US,1674555461
349,kutum,14.2,24.6667,25.03,8,43,4.94,SD,1674555461
350,kokopo,-4.352,152.2633,26.02,81,95,1.25,PG,1674555462
351,freeport,40.6576,-73.5832,3.1,66,100,5.14,US,1674555330
352,quatre cocos,-20.2078,57.7625,28.06,75,100,3.04,MU,1674555462
353,upington,-28.4478,21.2561,23.48,25,84,6.42,ZA,1674555462
354,sambava,-14.2667,50.1667,28.26,70,100,3.08,MG,1674555408
355,kangaatsiaq,68.3065,-53.4641,-9.66,83,100,3.26,GL,1674555463
356,gamba,-2.65,10.0,28.63,68,72,2.88,GA,1674555464
357,xaxim,-26.9617,-52.5347,18.21,74,0,1.0,BR,1674555464
358,marawi,7.9986,124.2928,20.74,98,100,1.43,PH,1674555464
359,san luis,-33.295,-66.3356,21.55,53,90,2.06,AR,1674555464
360,qasigiannguit,68.8193,-51.1922,-4.86,76,100,3.3,GL,1674555465
361,boulder city,35.9786,-114.8325,5.36,36,0,5.66,US,1674555465
362,zhezkazgan,47.8043,67.7144,-11.01,79,0,6.0,KZ,1674555465
363,vallenar,-28.5708,-70.7581,18.16,77,0,0.58,CL,1674555198
364,kaili,-3.4626,120.2147,21.56,92,100,1.17,ID,1674555466
365,dallas,32.7668,-96.7836,9.03,62,100,5.14,US,1674555137
366,ust-maya,60.4167,134.5333,-48.39,100,93,0.76,RU,1674555467
367,perth,-31.9333,115.8333,30.66,59,0,9.26,AU,1674555166
368,petropavlovsk-kamchatskiy,53.0452,158.6483,-17.67,66,20,4.0,RU,1674555467
369,uttiramerur,12.6,79.7667,29.3,43,28,6.08,IN,1674555330
370,comodoro rivadavia,-45.8667,-67.5,13.92,41,0,5.66,AR,1674555468
371,baykit,61.67,96.37,-34.74,99,54,1.38,RU,1674555468
372,ambovombe,-25.1667,46.0833,28.65,62,88,10.08,MG,1674555469
373,faxinal,-24.0003,-51.3194,17.76,91,100,1.36,BR,1674555469
374,tateyama,34.9833,139.8667,8.56,48,52,13.84,JP,1674555430
375,caravelas,-17.7125,-39.2481,26.14,82,100,4.05,BR,1674555470
376,mahibadhoo,3.7833,72.9667,25.59,82,100,8.43,MV,1674555470
377,ocos,14.5094,-92.1933,22.1,77,10,1.29,GT,1674555470
378,zlobin,45.2924,14.6541,4.77,67,0,4.63,HR,1674555471
379,lengshuitan,26.4111,111.5956,7.06,21,0,5.36,CN,1674555232
380,vao,-22.6667,167.4833,25.93,79,36,1.56,NC,1674555471
381,maragogi,-9.0122,-35.2225,26.71,69,15,2.73,BR,1674555471
382,devils lake,48.1128,-98.8651,-7.01,86,100,6.69,US,1674555472
383,vega baja,18.4444,-66.3877,23.97,81,38,2.96,PR,1674555473
384,balao,-2.9167,-79.8167,23.89,83,97,0.84,EC,1674555473
385,yaan,7.3833,8.5667,33.28,37,8,0.98,NG,1674555473
386,chuy,-33.6971,-53.4616,17.44,75,0,1.89,UY,1674555397
387,rundu,-17.9333,19.7667,29.08,48,51,1.46,NA,1674555474
388,ichhawar,23.0167,77.0167,26.05,33,5,5.38,IN,1674555474
389,lubben,51.95,13.9,1.06,77,74,3.75,DE,1674555474
390,rodeo,38.033,-122.2669,11.95,59,0,3.58,US,1674555475
391,tecpan,14.7623,-90.9947,5.49,96,30,2.16,GT,1674555475
392,kamiiso,41.8167,140.65,-11.79,56,40,6.17,JP,1674555475
393,tomarovka,50.6834,36.2331,0.42,49,52,4.08,RU,1674555476
394,santa vitoria do palmar,-33.5189,-53.3681,17.77,74,0,1.43,BR,1674555361
395,portmore,17.9702,-76.8672,25.01,79,20,3.6,JM,1674555476
396,siva,29.2041,25.5195,18.0,51,0,3.42,EG,1674555476
397,el alto,-4.2714,-81.2147,20.84,76,90,4.26,PE,1674555477
398,ipixuna,-1.7625,-48.8043,22.36,98,100,1.11,BR,1674555477
399,dali,25.7,100.1833,15.83,29,12,2.93,CN,1674555478
400,mayor pablo lagerenza,-19.9309,-60.7718,23.0,93,100,2.11,PY,1674555478
401,yichun,47.7,128.9,-28.41,91,96,3.37,CN,1674555232
402,san andres,12.5847,-81.7006,27.01,78,20,7.72,CO,1674555479
403,semnan,35.5729,53.3971,4.45,28,0,0.85,IR,1674555479
404,sitka,57.0531,-135.33,5.94,81,100,3.6,US,1674555480
405,jalingo,8.8833,11.3667,35.5,10,68,3.17,NG,1674555480
406,curillo,1.0333,-75.9191,20.98,98,98,0.64,CO,1674555481
407,nuuk,64.1835,-51.7216,-1.66,93,100,13.38,GL,1674555482
408,lima,-12.0432,-77.0282,21.06,86,100,5.14,PE,1674555482
409,henties bay,-22.116,14.2845,19.25,78,100,5.62,NA,1674555482
410,dunedin,-45.8742,170.5036,13.78,65,54,0.89,NZ,1674555467
411,antalya,36.7741,30.7178,18.33,66,0,1.03,TR,1674555483
412,kieta,-6.2167,155.6333,24.98,93,100,1.95,PG,1674555484
413,yazykovo,55.2199,56.1353,-10.46,93,99,1.56,RU,1674555484
414,jalu,29.0331,21.5482,18.15,35,0,5.04,LY,1674555484
415,sao joao da barra,-21.6403,-41.0511,25.05,91,100,3.01,BR,1674555484
416,ucluelet,48.9329,-125.5528,7.27,92,100,0.48,CA,1674555485
417,dudinka,69.4058,86.1778,-29.66,97,35,3.92,RU,1674555485
418,tautira,-17.7333,-149.15,25.98,82,96,4.77,PF,1674555485
419,kenai,60.5544,-151.2583,0.05,97,100,1.54,US,1674555486
420,port hardy,50.6996,-127.4199,5.1,100,100,3.6,CA,1674555486
421,hannibal,39.7084,-91.3585,-0.37,86,0,0.0,US,1674555344
422,paamiut,61.994,-49.6678,-2.02,94,100,8.58,GL,1674555487
423,boa vista,2.8197,-60.6733,21.99,88,0,1.54,BR,1674555487
424,salinopolis,-0.6136,-47.3561,24.9,87,100,4.37,BR,1674555364
425,geraldton,-28.7667,114.6,24.23,73,75,8.75,AU,1674555488
426,mezen,65.8522,44.24,-8.84,95,100,4.63,RU,1674555488
427,cheremkhovo,53.1561,103.0675,-23.93,97,100,1.78,RU,1674555488
428,virginia beach,36.8529,-75.978,3.01,72,0,3.6,US,1674555489
429,qaqortoq,60.7167,-46.0333,-1.91,96,100,2.59,GL,1674555489
430,eureka,40.8021,-124.1637,3.34,74,12,2.12,US,1674555348
431,moranbah,-22.0016,148.0466,26.2,63,9,7.41,AU,1674555490
432,muros,42.7762,-9.0603,10.61,64,4,6.85,ES,1674555491
433,disna,55.568,28.1971,-3.13,83,100,2.9,BY,1674555491
434,bhongir,17.5108,78.8889,28.61,28,20,4.63,IN,1674555371
435,linxia,35.6003,103.2064,-6.34,45,1,1.08,CN,1674555492
436,nanchong,30.7951,106.0847,8.44,63,41,3.89,CN,1674555301
437,huangchuan,32.1272,115.0394,-1.95,25,35,2.9,CN,1674555492
438,huanren,41.2647,125.3667,-20.51,66,78,2.12,CN,1674555241
439,bereda,43.2686,-7.5406,5.64,97,63,3.41,ES,1674555492
440,jinchang,38.4953,102.1739,-8.46,25,52,1.9,CN,1674555493
441,salalah,17.0151,54.0924,25.05,57,40,5.66,OM,1674555493
442,shache,38.4167,77.2406,-3.49,60,3,1.78,CN,1674555243
443,aksu,41.1231,80.2644,-8.04,66,6,1.21,CN,1674555250
444,solnechnyy,50.7214,136.6319,-33.55,98,100,1.89,RU,1674555494
445,kuruman,-27.4524,23.4325,31.66,24,8,7.23,ZA,1674555345
446,angoche,-16.2325,39.9086,32.14,53,98,6.23,MZ,1674555495
447,weihe,32.9952,105.3247,-0.5,43,6,3.24,CN,1674555496
448,cruzeiro,-22.5761,-44.9628,20.86,96,100,0.93,BR,1674555279
449,palencia,42.4167,-4.5,2.11,80,80,4.97,ES,1674555496
450,tagusao,9.1924,117.8141,26.52,79,96,7.4,PH,1674555496
451,beloha,-25.1667,45.05,31.15,50,99,9.33,MG,1674555497
452,kjollefjord,70.9457,27.3465,0.9,80,40,13.89,NO,1674555497
453,meiningen,50.5679,10.4152,1.53,86,40,2.6,DE,1674555497
454,kikwit,-5.041,18.8162,30.85,52,93,1.18,CD,1674555498
455,belmonte,-15.8631,-38.8828,26.32,80,92,3.66,BR,1674555499
456,paragominas,-2.9667,-47.4833,21.78,99,100,0.79,BR,1674555499
457,mitsamiouli,-11.3847,43.2844,27.09,80,100,6.33,KM,1674555500
458,mananjary,-21.2167,48.3333,24.87,87,100,1.54,MG,1674555500
459,fairbanks,64.8378,-147.7164,-20.22,79,100,1.54,US,1674555500
460,maldonado,-34.6667,-54.9167,19.01,57,0,2.15,UY,1674555501
461,kandrian,-6.2167,149.55,26.25,87,100,3.14,PG,1674555501
462,nantucket,41.2835,-70.0995,1.08,74,100,5.66,US,1674555501
463,pisco,-13.7,-76.2167,20.03,88,100,4.12,PE,1674555501
464,vila franca do campo,37.7167,-25.4333,15.23,87,67,5.53,PT,1674555502
465,vega de alatorre,20.0333,-96.6333,20.39,89,76,1.54,MX,1674555502
466,montorio al vomano,42.5831,13.6383,9.33,77,39,1.02,IT,1674555503
467,christchurch,-43.5333,172.6333,15.18,79,100,4.63,NZ,1674555323
468,englehart,47.8169,-79.8664,-4.69,80,100,8.75,CA,1674555503
469,staromyshastovskaya,45.3433,39.0761,6.13,53,5,4.77,RU,1674555504
470,minna,9.6139,6.5569,34.17,11,40,3.05,NG,1674555368
471,samfya,-11.3649,29.5565,20.03,84,100,2.59,ZM,1674555286
472,hasaki,35.7333,140.8333,3.22,83,57,8.61,JP,1674555259
473,blackwater,-23.5833,148.8833,28.37,55,65,7.27,AU,1674555505
474,turtas,58.9417,69.1325,-8.98,94,99,2.72,RU,1674555505
475,lardos,36.0942,28.0157,17.9,51,0,1.84,GR,1674555505
476,maniitsoq,65.4167,-52.9,-4.27,95,100,1.79,GL,1674555506
477,zhucheng,35.9947,119.3975,-9.32,14,0,4.63,CN,1674555506
478,berdigestyakh,62.0989,126.6992,-42.42,100,100,1.38,RU,1674555507
479,port macquarie,-31.4333,152.9167,23.27,87,81,4.17,AU,1674555507
480,pafos,34.7667,32.4167,18.88,68,0,2.57,CY,1674555377
481,linfen,36.0889,111.5189,-7.68,28,2,2.03,CN,1674555223
482,wuxi,31.5689,120.2886,-2.81,32,64,6.68,CN,1674555508
483,saint-georges,12.0564,-61.7485,24.82,83,75,6.17,GD,1674555509
484,ewa beach,21.3156,-158.0072,22.97,78,0,2.06,US,1674555509
485,progreso,21.2833,-89.6667,22.06,91,0,3.91,MX,1674555510
486,matay,28.419,30.7792,21.68,42,8,6.89,EG,1674555238
487,novo aripuana,-5.1206,-60.3797,21.71,99,98,0.59,BR,1674555510
488,alofi,-19.0595,-169.9187,22.94,94,9,0.51,NU,1674555511
489,honiara,-9.4333,159.95,25.6,89,100,0.04,SB,1674555511
490,yasnogorsk,54.4803,37.6975,-3.02,80,26,2.3,RU,1674555511
491,kalmunai,7.4167,81.8167,26.37,72,76,5.44,LK,1674555373
492,howard springs,-12.497,131.047,27.95,97,100,4.75,AU,1674555512
493,aljezur,37.3191,-8.8033,8.38,51,0,4.85,PT,1674555512
494,lusambo,-4.9667,23.45,32.5,46,96,0.98,CD,1674555512
495,ambulu,-8.345,113.6058,27.87,79,74,1.94,ID,1674555513
496,vagur,61.4732,-6.8119,8.53,83,100,16.64,FO,1674555513
497,terrace bay,48.7834,-87.1,-19.02,96,65,3.64,CA,1674555513
498,namatanai,-3.6667,152.4333,26.8,80,93,3.02,PG,1674555514
499,hervey bay,-25.2986,152.8535,26.68,77,0,2.68,AU,1674555514
500,port-gentil,-0.7193,8.7815,28.98,84,20,3.6,GA,1674555514
501,benghazi,32.1167,20.0667,17.07,45,0,5.54,LY,1674555514
502,waipawa,-41.4122,175.5153,11.48,87,41,2.14,NZ,1674555515
503,wahlern,46.8281,7.3532,0.44,70,75,4.12,CH,1674555515
504,garowe,8.4054,48.4845,29.76,25,6,6.05,SO,1674555516
505,biak,-0.9131,122.8766,26.21,81,99,0.24,ID,1674555516
506,hohhot,40.8106,111.6522,-17.84,42,0,1.0,CN,1674555516
507,high prairie,55.4334,-116.4858,-0.78,87,81,3.99,CA,1674555516
508,ola,59.5833,151.2833,-23.61,84,100,5.71,RU,1674555517
509,lavrentiya,65.5833,-171.0,-26.25,95,21,4.85,RU,1674555518
510,shitanjing,39.2342,106.3439,-13.69,24,3,2.07,CN,1674555440
511,springfield,37.2153,-93.2982,-0.01,89,0,2.57,US,1674555273
512,kosonsoy,41.2561,71.5508,-2.69,71,2,0.95,UZ,1674555519
513,dalby,-27.1833,151.2667,23.32,90,91,0.89,AU,1674555520
514,umm lajj,25.0213,37.2685,23.81,50,0,3.45,SA,1674555520
515,desaguadero,-16.5656,-69.0417,7.05,76,100,1.7,PE,1674555520
516,koumac,-20.5667,164.2833,26.41,85,26,2.14,NC,1674555521
517,umm kaddadah,13.6017,26.6876,28.33,15,4,8.14,SD,1674555522
518,sorland,67.667,12.6934,3.92,67,98,11.16,NO,1674555522
519,tessalit,20.1986,1.0114,24.55,11,0,3.66,ML,1674555523
520,wuwei,37.9281,102.6414,-7.35,22,84,2.36,CN,1674555523
521,moerai,-22.4333,-151.3333,25.3,83,88,11.77,PF,1674555524
522,yerkoy,39.6381,34.4672,9.64,47,5,0.35,TR,1674555524
523,do gonbadan,30.3586,50.7981,17.05,55,40,2.06,IR,1674555524
524,tanabe,33.7333,135.3667,1.56,55,75,13.89,JP,1674555497
525,hamilton,39.1834,-84.5333,-0.65,91,0,4.12,US,1674555525
526,zaykovo,57.5613,62.7568,-5.03,91,24,2.67,RU,1674555525
527,arlit,18.7369,7.3853,30.09,8,3,3.87,NE,1674555526
528,belyy yar,53.6039,91.3903,-9.52,72,100,0.0,RU,1674555373
529,diplo,24.4667,69.584,23.14,15,0,5.17,PK,1674555526
530,saint-louis,16.3333,-15.0,24.23,22,21,1.8,SN,1674555526
531,nemuro,43.3236,145.575,-2.33,71,98,5.97,JP,1674555512
532,borger,52.9233,6.7931,2.68,87,67,3.02,NL,1674555527
533,san quintin,30.4833,-115.95,11.0,43,0,2.44,MX,1674555527
534,oxford,51.7522,-1.256,2.62,89,5,0.51,GB,1674555528
535,ust-tarka,55.5672,75.705,-12.2,94,78,4.37,RU,1674555528
536,abomsa,9.9833,39.9833,26.81,27,57,4.48,ET,1674555245
537,palimbang,6.2106,124.1894,25.68,86,100,0.96,PH,1674555528
538,atbasar,51.8,68.3333,-12.61,95,26,2.4,KZ,1674555371
539,manoel urbano,-8.8389,-69.2597,21.94,99,100,1.37,BR,1674555529
540,baiyin,36.5583,104.2081,-8.46,33,52,1.18,CN,1674555529
541,bilibino,68.0546,166.4372,-26.1,73,98,1.79,RU,1674555530
542,werda,-25.2667,23.2833,32.76,26,5,4.59,BW,1674555530
543,wagar,16.1525,36.2032,30.68,34,0,3.5,SD,1674555530
544,ambilobe,-13.2,49.05,24.32,92,100,2.35,MG,1674555531
545,kathmandu,27.7167,85.3167,20.12,43,20,6.69,NP,1674555003
546,sorong,-0.8833,131.25,27.16,79,100,2.49,ID,1674555277
547,san patricio,28.017,-97.5169,19.92,87,100,8.1,US,1674555532
548,nikki,9.9401,3.2108,32.3,10,20,3.58,BJ,1674555437
549,kloulklubed,7.0419,134.2556,24.28,83,100,6.77,PW,1674555532
550,jiaozuo,35.2397,113.2331,-3.28,10,0,1.6,CN,1674555532
551,greytown,-29.0642,30.5928,30.98,24,0,2.66,ZA,1674555533
552,tiarei,-17.5333,-149.3333,25.0,82,100,4.77,PF,1674555533
553,mirnyy,62.5353,113.9611,-30.19,94,100,2.22,RU,1674555534
554,suzun,53.7841,82.3116,-8.59,93,100,4.87,RU,1674555534
555,chase,50.8165,-119.6857,-3.81,98,97,0.48,CA,1674555534
556,tura,25.5198,90.2201,24.5,32,88,2.42,IN,1674555534
557,minsk,53.9,27.5667,-0.14,95,98,0.96,BY,1674555535
558,tecoanapa,16.5167,-98.75,21.84,69,0,0.93,MX,1674555536
559,obo,5.3998,26.4869,36.17,10,49,2.55,CF,1674555536
560,nelson bay,-32.7167,152.15,25.0,90,61,3.13,AU,1674555537
561,kolokani,13.5728,-8.0339,29.73,10,56,5.47,ML,1674555537
562,cururupu,-1.8283,-44.8683,23.18,96,99,1.06,BR,1674555537
563,sam phran,13.727,100.2153,35.01,52,96,2.78,TH,1674555240
564,kruisfontein,-34.0033,24.7314,22.16,53,95,10.14,ZA,1674555538
565,guatape,6.2327,-75.1586,13.47,95,98,0.97,CO,1674555538
566,pailon,-17.65,-62.75,23.82,91,100,3.62,BO,1674555539
567,buguda,19.8167,84.8,31.65,22,5,2.58,IN,1674555539
568,westport,41.1415,-73.3579,2.99,70,100,4.63,US,1674555539
569,nisia floresta,-6.0911,-35.2086,26.45,72,61,3.42,BR,1674555540
